<?xml version="1.0" encoding="UTF-8"?>
<!--
 This is a WordPress eXtended RSS file generated by WordPress as an export of your site.
 It contains information about your site's posts, pages, comments, categories, and other content.
 You may use this file to transfer that content from one site to another.
 This file is not intended to serve as a complete backup of your site.

 To import this information into a WordPress site follow these steps:
 1. Log in to that site as an administrator.
 2. Go to Tools: Import in the WordPress admin panel.
 3. Install the "WordPress" importer from the list.
 4. Activate & Run Importer.
 5. Upload this file using the form provided on that page.
 6. You will first be asked to map the authors in this export file to users
    on the site. For each author, you may choose to map to an
    existing user on the site or to create a new user.
 7. WordPress will then import each of the posts, pages, comments, categories, etc.
    contained in this file into your site.
-->
<rss version="2.0" xmlns:excerpt="http://wordpress.org/export/1.2/excerpt/" xmlns:content="http://purl.org/rss/1.0/modules/content/" xmlns:wfw="http://wellformedweb.org/CommentAPI/" xmlns:dc="http://purl.org/dc/elements/1.1/" xmlns:wp="http://wordpress.org/export/1.2/">
  <channel>
<title>Jordy</title>
<link>http://jordy.xtheme.net</link>
<description>Just another WordPress site</description>
<pubDate>Mon, 11 Jun 2018 09:52:19 +0000</pubDate>
<language>en-US</language>
<wp:wxr_version>1.2</wp:wxr_version>
<wp:base_site_url>http://jordy.xtheme.net</wp:base_site_url>
<wp:base_blog_url>http://jordy.xtheme.net</wp:base_blog_url>
<wp:author>
  <wp:author_id>1</wp:author_id>
  <wp:author_login>admin</wp:author_login>
  <wp:author_email>vnamhung@gmail.com</wp:author_email>
  <wp:author_display_name><![CDATA[admin]]></wp:author_display_name>
  <wp:author_first_name><![CDATA[]]></wp:author_first_name>
  <wp:author_last_name><![CDATA[]]></wp:author_last_name>
</wp:author>
<wp:category>
  <wp:term_id>6</wp:term_id>
  <wp:category_nicename>blog</wp:category_nicename>
  <wp:category_parent/>
  <wp:cat_name><![CDATA[Blog]]></wp:cat_name>
</wp:category>
<wp:category>
  <wp:term_id>1</wp:term_id>
  <wp:category_nicename>uncategorized</wp:category_nicename>
  <wp:category_parent/>
  <wp:cat_name><![CDATA[Uncategorized]]></wp:cat_name>
</wp:category>
<wp:tag>
  <wp:term_id>8</wp:term_id>
  <wp:tag_slug>blog</wp:tag_slug>
  <wp:tag_name><![CDATA[blog]]></wp:tag_name>
</wp:tag>
<wp:tag>
  <wp:term_id>5</wp:term_id>
  <wp:tag_slug>demo</wp:tag_slug>
  <wp:tag_name><![CDATA[Demo]]></wp:tag_name>
</wp:tag>
<wp:tag>
  <wp:term_id>9</wp:term_id>
  <wp:tag_slug>fashion</wp:tag_slug>
  <wp:tag_name><![CDATA[fashion]]></wp:tag_name>
</wp:tag>
<wp:tag>
  <wp:term_id>4</wp:term_id>
  <wp:tag_slug>featured</wp:tag_slug>
  <wp:tag_name><![CDATA[Featured]]></wp:tag_name>
</wp:tag>
<wp:tag>
  <wp:term_id>7</wp:term_id>
  <wp:tag_slug>jordy</wp:tag_slug>
  <wp:tag_name><![CDATA[jordy]]></wp:tag_name>
</wp:tag>
<wp:tag>
  <wp:term_id>10</wp:term_id>
  <wp:tag_slug>lifestyle</wp:tag_slug>
  <wp:tag_name><![CDATA[lifestyle]]></wp:tag_name>
</wp:tag>
<wp:tag>
  <wp:term_id>11</wp:term_id>
  <wp:tag_slug>newsletter</wp:tag_slug>
  <wp:tag_name><![CDATA[newsletter]]></wp:tag_name>
</wp:tag>
<wp:tag>
  <wp:term_id>12</wp:term_id>
  <wp:tag_slug>wordpress</wp:tag_slug>
  <wp:tag_name><![CDATA[WordPress]]></wp:tag_name>
</wp:tag>
<wp:term>
  <wp:term_id>2</wp:term_id>
  <wp:term_taxonomy>nav_menu</wp:term_taxonomy>
  <wp:term_slug>primary</wp:term_slug>
  <wp:term_name><![CDATA[Primary]]></wp:term_name>
</wp:term>
<wp:term>
  <wp:term_id>3</wp:term_id>
  <wp:term_taxonomy>nav_menu</wp:term_taxonomy>
  <wp:term_slug>social</wp:term_slug>
  <wp:term_name><![CDATA[Social]]></wp:term_name>
</wp:term>
<wp:term>
  <wp:term_id>6</wp:term_id>
  <wp:term_taxonomy>category</wp:term_taxonomy>
  <wp:term_slug>blog</wp:term_slug>
  <wp:term_parent/>
  <wp:term_name><![CDATA[Blog]]></wp:term_name>
</wp:term>
<wp:term>
  <wp:term_id>8</wp:term_id>
  <wp:term_taxonomy>post_tag</wp:term_taxonomy>
  <wp:term_slug>blog</wp:term_slug>
  <wp:term_parent/>
  <wp:term_name><![CDATA[blog]]></wp:term_name>
</wp:term>
<wp:term>
  <wp:term_id>5</wp:term_id>
  <wp:term_taxonomy>post_tag</wp:term_taxonomy>
  <wp:term_slug>demo</wp:term_slug>
  <wp:term_parent/>
  <wp:term_name><![CDATA[Demo]]></wp:term_name>
</wp:term>
<wp:term>
  <wp:term_id>9</wp:term_id>
  <wp:term_taxonomy>post_tag</wp:term_taxonomy>
  <wp:term_slug>fashion</wp:term_slug>
  <wp:term_parent/>
  <wp:term_name><![CDATA[fashion]]></wp:term_name>
</wp:term>
<wp:term>
  <wp:term_id>4</wp:term_id>
  <wp:term_taxonomy>post_tag</wp:term_taxonomy>
  <wp:term_slug>featured</wp:term_slug>
  <wp:term_parent/>
  <wp:term_name><![CDATA[Featured]]></wp:term_name>
</wp:term>
<wp:term>
  <wp:term_id>7</wp:term_id>
  <wp:term_taxonomy>post_tag</wp:term_taxonomy>
  <wp:term_slug>jordy</wp:term_slug>
  <wp:term_parent/>
  <wp:term_name><![CDATA[jordy]]></wp:term_name>
</wp:term>
<wp:term>
  <wp:term_id>10</wp:term_id>
  <wp:term_taxonomy>post_tag</wp:term_taxonomy>
  <wp:term_slug>lifestyle</wp:term_slug>
  <wp:term_parent/>
  <wp:term_name><![CDATA[lifestyle]]></wp:term_name>
</wp:term>
<wp:term>
  <wp:term_id>11</wp:term_id>
  <wp:term_taxonomy>post_tag</wp:term_taxonomy>
  <wp:term_slug>newsletter</wp:term_slug>
  <wp:term_parent/>
  <wp:term_name><![CDATA[newsletter]]></wp:term_name>
</wp:term>
<wp:term>
  <wp:term_id>2</wp:term_id>
  <wp:term_taxonomy>nav_menu</wp:term_taxonomy>
  <wp:term_slug>primary</wp:term_slug>
  <wp:term_name><![CDATA[Primary]]></wp:term_name>
</wp:term>
<wp:term>
  <wp:term_id>3</wp:term_id>
  <wp:term_taxonomy>nav_menu</wp:term_taxonomy>
  <wp:term_slug>social</wp:term_slug>
  <wp:term_name><![CDATA[Social]]></wp:term_name>
</wp:term>
<wp:term>
  <wp:term_id>1</wp:term_id>
  <wp:term_taxonomy>category</wp:term_taxonomy>
  <wp:term_slug>uncategorized</wp:term_slug>
  <wp:term_parent/>
  <wp:term_name><![CDATA[Uncategorized]]></wp:term_name>
</wp:term>
<wp:term>
  <wp:term_id>12</wp:term_id>
  <wp:term_taxonomy>post_tag</wp:term_taxonomy>
  <wp:term_slug>wordpress</wp:term_slug>
  <wp:term_parent/>
  <wp:term_name><![CDATA[WordPress]]></wp:term_name>
</wp:term>

<item>
  <title>Hello world!</title>
  <link>http://jordy.xtheme.net/hello-world__trashed</link>
  <pubDate>Mon, 04 Jun 2018 04:09:23 +0000</pubDate>
  <dc:creator>admin</dc:creator>
  <guid isPermaLink="false">http://wp/jordy/?p=1</guid>
  <description/>
  <content:encoded><![CDATA[Welcome to WordPress. This is your first post. Edit or delete it, then start writing!]]></content:encoded>
  <excerpt:encoded><![CDATA[]]></excerpt:encoded>
  <wp:post_id>1</wp:post_id>
  <wp:post_date>2018-06-04 04:09:23</wp:post_date>
  <wp:post_date_gmt>2018-06-04 04:09:23</wp:post_date_gmt>
  <wp:comment_status>open</wp:comment_status>
  <wp:ping_status>open</wp:ping_status>
  <wp:post_name>hello-world__trashed</wp:post_name>
  <wp:status>trash</wp:status>
  <wp:post_parent>0</wp:post_parent>
  <wp:menu_order>0</wp:menu_order>
  <wp:post_type>post</wp:post_type>
  <wp:post_password/>
  <wp:is_sticky>0</wp:is_sticky>
  <category domain="category" nicename="uncategorized"><![CDATA[Uncategorized]]></category>
  <wp:postmeta>
    <wp:meta_key>_wp_trash_meta_status</wp:meta_key>
    <wp:meta_value><![CDATA[publish]]></wp:meta_value>
  </wp:postmeta>
  <wp:postmeta>
    <wp:meta_key>_wp_trash_meta_time</wp:meta_key>
    <wp:meta_value><![CDATA[1528533817]]></wp:meta_value>
  </wp:postmeta>
  <wp:postmeta>
    <wp:meta_key>_wp_desired_post_slug</wp:meta_key>
    <wp:meta_value><![CDATA[hello-world]]></wp:meta_value>
  </wp:postmeta>
  <wp:postmeta>
    <wp:meta_key>_wp_trash_meta_comments_status</wp:meta_key>
    <wp:meta_value><![CDATA[a:1:{i:1;s:1:"1";}]]></wp:meta_value>
  </wp:postmeta>
  <wp:comment>
    <wp:comment_id>1</wp:comment_id>
    <wp:comment_author><![CDATA[A WordPress Commenter]]></wp:comment_author>
    <wp:comment_author_email>wapuu@wordpress.example</wp:comment_author_email>
    <wp:comment_author_url>https://wordpress.org/</wp:comment_author_url>
    <wp:comment_author_IP/>
    <wp:comment_date>2018-06-04 04:09:23</wp:comment_date>
    <wp:comment_date_gmt>2018-06-04 04:09:23</wp:comment_date_gmt>
    <wp:comment_content><![CDATA[Hi, this is a comment.
To get started with moderating, editing, and deleting comments, please visit the Comments screen in the dashboard.
Commenter avatars come from <a href="https://gravatar.com">Gravatar</a>.]]></wp:comment_content>
    <wp:comment_approved>post-trashed</wp:comment_approved>
    <wp:comment_type/>
    <wp:comment_parent>0</wp:comment_parent>
    <wp:comment_user_id>0</wp:comment_user_id>
  </wp:comment>
</item>
<item>
  <title>Sample Page</title>
  <link>http://jordy.xtheme.net/sample-page</link>
  <pubDate>Mon, 04 Jun 2018 04:09:23 +0000</pubDate>
  <dc:creator>admin</dc:creator>
  <guid isPermaLink="false">http://wp/jordy/?page_id=2</guid>
  <description/>
  <content:encoded><![CDATA[This is an example page. It's different from a blog post because it will stay in one place and will show up in your site navigation (in most themes). Most people start with an About page that introduces them to potential site visitors. It might say something like this:

<blockquote>Hi there! I'm a bike messenger by day, aspiring actor by night, and this is my website. I live in Los Angeles, have a great dog named Jack, and I like pi&#241;a coladas. (And gettin' caught in the rain.)</blockquote>

...or something like this:

<blockquote>The XYZ Doohickey Company was founded in 1971, and has been providing quality doohickeys to the public ever since. Located in Gotham City, XYZ employs over 2,000 people and does all kinds of awesome things for the Gotham community.</blockquote>

As a new WordPress user, you should go to <a href="http://jordy.xtheme.net/wp-admin/">your dashboard</a> to delete this page and create new pages for your content. Have fun!]]></content:encoded>
  <excerpt:encoded><![CDATA[]]></excerpt:encoded>
  <wp:post_id>2</wp:post_id>
  <wp:post_date>2018-06-04 04:09:23</wp:post_date>
  <wp:post_date_gmt>2018-06-04 04:09:23</wp:post_date_gmt>
  <wp:comment_status>closed</wp:comment_status>
  <wp:ping_status>open</wp:ping_status>
  <wp:post_name>sample-page</wp:post_name>
  <wp:status>publish</wp:status>
  <wp:post_parent>0</wp:post_parent>
  <wp:menu_order>0</wp:menu_order>
  <wp:post_type>page</wp:post_type>
  <wp:post_password/>
  <wp:is_sticky>0</wp:is_sticky>
  <wp:postmeta>
    <wp:meta_key>_wp_page_template</wp:meta_key>
    <wp:meta_value><![CDATA[default]]></wp:meta_value>
  </wp:postmeta>
</item>
<item>
  <title>Privacy Policy</title>
  <link>http://jordy.xtheme.net/?page_id=3</link>
  <pubDate>Mon, 04 Jun 2018 04:09:23 +0000</pubDate>
  <dc:creator>admin</dc:creator>
  <guid isPermaLink="false">http://wp/jordy/?page_id=3</guid>
  <description/>
  <content:encoded><![CDATA[<h2>Who we are</h2><p>Our website address is: http://jordy.xtheme.net.</p><h2>What personal data we collect and why we collect it</h2><h3>Comments</h3><p>When visitors leave comments on the site we collect the data shown in the comments form, and also the visitor&#8217;s IP address and browser user agent string to help spam detection.</p><p>An anonymized string created from your email address (also called a hash) may be provided to the Gravatar service to see if you are using it. The Gravatar service privacy policy is available here: https://automattic.com/privacy/. After approval of your comment, your profile picture is visible to the public in the context of your comment.</p><h3>Media</h3><p>If you upload images to the website, you should avoid uploading images with embedded location data (EXIF GPS) included. Visitors to the website can download and extract any location data from images on the website.</p><h3>Contact forms</h3><h3>Cookies</h3><p>If you leave a comment on our site you may opt-in to saving your name, email address and website in cookies. These are for your convenience so that you do not have to fill in your details again when you leave another comment. These cookies will last for one year.</p><p>If you have an account and you log in to this site, we will set a temporary cookie to determine if your browser accepts cookies. This cookie contains no personal data and is discarded when you close your browser.</p><p>When you log in, we will also set up several cookies to save your login information and your screen display choices. Login cookies last for two days, and screen options cookies last for a year. If you select &quot;Remember Me&quot;, your login will persist for two weeks. If you log out of your account, the login cookies will be removed.</p><p>If you edit or publish an article, an additional cookie will be saved in your browser. This cookie includes no personal data and simply indicates the post ID of the article you just edited. It expires after 1 day.</p><h3>Embedded content from other websites</h3><p>Articles on this site may include embedded content (e.g. videos, images, articles, etc.). Embedded content from other websites behaves in the exact same way as if the visitor has visited the other website.</p><p>These websites may collect data about you, use cookies, embed additional third-party tracking, and monitor your interaction with that embedded content, including tracing your interaction with the embedded content if you have an account and are logged in to that website.</p><h3>Analytics</h3><h2>Who we share your data with</h2><h2>How long we retain your data</h2><p>If you leave a comment, the comment and its metadata are retained indefinitely. This is so we can recognize and approve any follow-up comments automatically instead of holding them in a moderation queue.</p><p>For users that register on our website (if any), we also store the personal information they provide in their user profile. All users can see, edit, or delete their personal information at any time (except they cannot change their username). Website administrators can also see and edit that information.</p><h2>What rights you have over your data</h2><p>If you have an account on this site, or have left comments, you can request to receive an exported file of the personal data we hold about you, including any data you have provided to us. You can also request that we erase any personal data we hold about you. This does not include any data we are obliged to keep for administrative, legal, or security purposes.</p><h2>Where we send your data</h2><p>Visitor comments may be checked through an automated spam detection service.</p><h2>Your contact information</h2><h2>Additional information</h2><h3>How we protect your data</h3><h3>What data breach procedures we have in place</h3><h3>What third parties we receive data from</h3><h3>What automated decision making and/or profiling we do with user data</h3><h3>Industry regulatory disclosure requirements</h3>]]></content:encoded>
  <excerpt:encoded><![CDATA[]]></excerpt:encoded>
  <wp:post_id>3</wp:post_id>
  <wp:post_date>2018-06-04 04:09:23</wp:post_date>
  <wp:post_date_gmt>2018-06-04 04:09:23</wp:post_date_gmt>
  <wp:comment_status>closed</wp:comment_status>
  <wp:ping_status>open</wp:ping_status>
  <wp:post_name>privacy-policy</wp:post_name>
  <wp:status>draft</wp:status>
  <wp:post_parent>0</wp:post_parent>
  <wp:menu_order>0</wp:menu_order>
  <wp:post_type>page</wp:post_type>
  <wp:post_password/>
  <wp:is_sticky>0</wp:is_sticky>
  <wp:postmeta>
    <wp:meta_key>_wp_page_template</wp:meta_key>
    <wp:meta_value><![CDATA[default]]></wp:meta_value>
  </wp:postmeta>
</item>
<item>
  <title>Home</title>
  <link>http://jordy.xtheme.net/home</link>
  <pubDate>Mon, 04 Jun 2018 07:24:50 +0000</pubDate>
  <dc:creator>admin</dc:creator>
  <guid isPermaLink="false">http://wp/jordy/?p=5</guid>
  <description/>
  <content:encoded><![CDATA[]]></content:encoded>
  <excerpt:encoded><![CDATA[]]></excerpt:encoded>
  <wp:post_id>5</wp:post_id>
  <wp:post_date>2018-06-04 07:24:50</wp:post_date>
  <wp:post_date_gmt>2018-06-04 07:24:50</wp:post_date_gmt>
  <wp:comment_status>closed</wp:comment_status>
  <wp:ping_status>closed</wp:ping_status>
  <wp:post_name>home</wp:post_name>
  <wp:status>publish</wp:status>
  <wp:post_parent>0</wp:post_parent>
  <wp:menu_order>1</wp:menu_order>
  <wp:post_type>nav_menu_item</wp:post_type>
  <wp:post_password/>
  <wp:is_sticky>0</wp:is_sticky>
  <category domain="nav_menu" nicename="primary"><![CDATA[Primary]]></category>
  <wp:postmeta>
    <wp:meta_key>_menu_item_type</wp:meta_key>
    <wp:meta_value><![CDATA[custom]]></wp:meta_value>
  </wp:postmeta>
  <wp:postmeta>
    <wp:meta_key>_menu_item_menu_item_parent</wp:meta_key>
    <wp:meta_value><![CDATA[0]]></wp:meta_value>
  </wp:postmeta>
  <wp:postmeta>
    <wp:meta_key>_menu_item_object_id</wp:meta_key>
    <wp:meta_value><![CDATA[5]]></wp:meta_value>
  </wp:postmeta>
  <wp:postmeta>
    <wp:meta_key>_menu_item_object</wp:meta_key>
    <wp:meta_value><![CDATA[custom]]></wp:meta_value>
  </wp:postmeta>
  <wp:postmeta>
    <wp:meta_key>_menu_item_target</wp:meta_key>
    <wp:meta_value><![CDATA[]]></wp:meta_value>
  </wp:postmeta>
  <wp:postmeta>
    <wp:meta_key>_menu_item_classes</wp:meta_key>
    <wp:meta_value><![CDATA[a:1:{i:0;s:0:"";}]]></wp:meta_value>
  </wp:postmeta>
  <wp:postmeta>
    <wp:meta_key>_menu_item_xfn</wp:meta_key>
    <wp:meta_value><![CDATA[]]></wp:meta_value>
  </wp:postmeta>
  <wp:postmeta>
    <wp:meta_key>_menu_item_url</wp:meta_key>
    <wp:meta_value><![CDATA[http://jordy.xtheme.net/]]></wp:meta_value>
  </wp:postmeta>
</item>
<item>
  <title/>
  <link>http://jordy.xtheme.net/6</link>
  <pubDate>Mon, 04 Jun 2018 07:24:50 +0000</pubDate>
  <dc:creator>admin</dc:creator>
  <guid isPermaLink="false">http://wp/jordy/?p=6</guid>
  <description/>
  <content:encoded><![CDATA[ ]]></content:encoded>
  <excerpt:encoded><![CDATA[]]></excerpt:encoded>
  <wp:post_id>6</wp:post_id>
  <wp:post_date>2018-06-04 07:24:50</wp:post_date>
  <wp:post_date_gmt>2018-06-04 07:24:50</wp:post_date_gmt>
  <wp:comment_status>closed</wp:comment_status>
  <wp:ping_status>closed</wp:ping_status>
  <wp:post_name>6</wp:post_name>
  <wp:status>publish</wp:status>
  <wp:post_parent>0</wp:post_parent>
  <wp:menu_order>2</wp:menu_order>
  <wp:post_type>nav_menu_item</wp:post_type>
  <wp:post_password/>
  <wp:is_sticky>0</wp:is_sticky>
  <category domain="nav_menu" nicename="primary"><![CDATA[Primary]]></category>
  <wp:postmeta>
    <wp:meta_key>_menu_item_type</wp:meta_key>
    <wp:meta_value><![CDATA[post_type]]></wp:meta_value>
  </wp:postmeta>
  <wp:postmeta>
    <wp:meta_key>_menu_item_menu_item_parent</wp:meta_key>
    <wp:meta_value><![CDATA[0]]></wp:meta_value>
  </wp:postmeta>
  <wp:postmeta>
    <wp:meta_key>_menu_item_object_id</wp:meta_key>
    <wp:meta_value><![CDATA[2]]></wp:meta_value>
  </wp:postmeta>
  <wp:postmeta>
    <wp:meta_key>_menu_item_object</wp:meta_key>
    <wp:meta_value><![CDATA[page]]></wp:meta_value>
  </wp:postmeta>
  <wp:postmeta>
    <wp:meta_key>_menu_item_target</wp:meta_key>
    <wp:meta_value><![CDATA[]]></wp:meta_value>
  </wp:postmeta>
  <wp:postmeta>
    <wp:meta_key>_menu_item_classes</wp:meta_key>
    <wp:meta_value><![CDATA[a:1:{i:0;s:0:"";}]]></wp:meta_value>
  </wp:postmeta>
  <wp:postmeta>
    <wp:meta_key>_menu_item_xfn</wp:meta_key>
    <wp:meta_value><![CDATA[]]></wp:meta_value>
  </wp:postmeta>
  <wp:postmeta>
    <wp:meta_key>_menu_item_url</wp:meta_key>
    <wp:meta_value><![CDATA[]]></wp:meta_value>
  </wp:postmeta>
</item>
<item>
  <title>Facebook</title>
  <link>http://jordy.xtheme.net/facebook</link>
  <pubDate>Mon, 04 Jun 2018 07:31:51 +0000</pubDate>
  <dc:creator>admin</dc:creator>
  <guid isPermaLink="false">http://wp/jordy/?p=7</guid>
  <description/>
  <content:encoded><![CDATA[]]></content:encoded>
  <excerpt:encoded><![CDATA[]]></excerpt:encoded>
  <wp:post_id>7</wp:post_id>
  <wp:post_date>2018-06-04 07:31:51</wp:post_date>
  <wp:post_date_gmt>2018-06-04 07:31:51</wp:post_date_gmt>
  <wp:comment_status>closed</wp:comment_status>
  <wp:ping_status>closed</wp:ping_status>
  <wp:post_name>facebook</wp:post_name>
  <wp:status>publish</wp:status>
  <wp:post_parent>0</wp:post_parent>
  <wp:menu_order>1</wp:menu_order>
  <wp:post_type>nav_menu_item</wp:post_type>
  <wp:post_password/>
  <wp:is_sticky>0</wp:is_sticky>
  <category domain="nav_menu" nicename="social"><![CDATA[Social]]></category>
  <wp:postmeta>
    <wp:meta_key>_menu_item_type</wp:meta_key>
    <wp:meta_value><![CDATA[custom]]></wp:meta_value>
  </wp:postmeta>
  <wp:postmeta>
    <wp:meta_key>_menu_item_menu_item_parent</wp:meta_key>
    <wp:meta_value><![CDATA[0]]></wp:meta_value>
  </wp:postmeta>
  <wp:postmeta>
    <wp:meta_key>_menu_item_object_id</wp:meta_key>
    <wp:meta_value><![CDATA[7]]></wp:meta_value>
  </wp:postmeta>
  <wp:postmeta>
    <wp:meta_key>_menu_item_object</wp:meta_key>
    <wp:meta_value><![CDATA[custom]]></wp:meta_value>
  </wp:postmeta>
  <wp:postmeta>
    <wp:meta_key>_menu_item_target</wp:meta_key>
    <wp:meta_value><![CDATA[]]></wp:meta_value>
  </wp:postmeta>
  <wp:postmeta>
    <wp:meta_key>_menu_item_classes</wp:meta_key>
    <wp:meta_value><![CDATA[a:1:{i:0;s:0:"";}]]></wp:meta_value>
  </wp:postmeta>
  <wp:postmeta>
    <wp:meta_key>_menu_item_xfn</wp:meta_key>
    <wp:meta_value><![CDATA[]]></wp:meta_value>
  </wp:postmeta>
  <wp:postmeta>
    <wp:meta_key>_menu_item_url</wp:meta_key>
    <wp:meta_value><![CDATA[http://facebook.com]]></wp:meta_value>
  </wp:postmeta>
</item>
<item>
  <title>Twitter</title>
  <link>http://jordy.xtheme.net/twitter</link>
  <pubDate>Mon, 04 Jun 2018 07:31:51 +0000</pubDate>
  <dc:creator>admin</dc:creator>
  <guid isPermaLink="false">http://wp/jordy/?p=8</guid>
  <description/>
  <content:encoded><![CDATA[]]></content:encoded>
  <excerpt:encoded><![CDATA[]]></excerpt:encoded>
  <wp:post_id>8</wp:post_id>
  <wp:post_date>2018-06-04 07:31:51</wp:post_date>
  <wp:post_date_gmt>2018-06-04 07:31:51</wp:post_date_gmt>
  <wp:comment_status>closed</wp:comment_status>
  <wp:ping_status>closed</wp:ping_status>
  <wp:post_name>twitter</wp:post_name>
  <wp:status>publish</wp:status>
  <wp:post_parent>0</wp:post_parent>
  <wp:menu_order>2</wp:menu_order>
  <wp:post_type>nav_menu_item</wp:post_type>
  <wp:post_password/>
  <wp:is_sticky>0</wp:is_sticky>
  <category domain="nav_menu" nicename="social"><![CDATA[Social]]></category>
  <wp:postmeta>
    <wp:meta_key>_menu_item_type</wp:meta_key>
    <wp:meta_value><![CDATA[custom]]></wp:meta_value>
  </wp:postmeta>
  <wp:postmeta>
    <wp:meta_key>_menu_item_menu_item_parent</wp:meta_key>
    <wp:meta_value><![CDATA[0]]></wp:meta_value>
  </wp:postmeta>
  <wp:postmeta>
    <wp:meta_key>_menu_item_object_id</wp:meta_key>
    <wp:meta_value><![CDATA[8]]></wp:meta_value>
  </wp:postmeta>
  <wp:postmeta>
    <wp:meta_key>_menu_item_object</wp:meta_key>
    <wp:meta_value><![CDATA[custom]]></wp:meta_value>
  </wp:postmeta>
  <wp:postmeta>
    <wp:meta_key>_menu_item_target</wp:meta_key>
    <wp:meta_value><![CDATA[]]></wp:meta_value>
  </wp:postmeta>
  <wp:postmeta>
    <wp:meta_key>_menu_item_classes</wp:meta_key>
    <wp:meta_value><![CDATA[a:1:{i:0;s:0:"";}]]></wp:meta_value>
  </wp:postmeta>
  <wp:postmeta>
    <wp:meta_key>_menu_item_xfn</wp:meta_key>
    <wp:meta_value><![CDATA[]]></wp:meta_value>
  </wp:postmeta>
  <wp:postmeta>
    <wp:meta_key>_menu_item_url</wp:meta_key>
    <wp:meta_value><![CDATA[http://twitter.com]]></wp:meta_value>
  </wp:postmeta>
</item>
<item>
  <title>Instagram</title>
  <link>http://jordy.xtheme.net/instagram</link>
  <pubDate>Mon, 04 Jun 2018 07:31:51 +0000</pubDate>
  <dc:creator>admin</dc:creator>
  <guid isPermaLink="false">http://wp/jordy/?p=9</guid>
  <description/>
  <content:encoded><![CDATA[]]></content:encoded>
  <excerpt:encoded><![CDATA[]]></excerpt:encoded>
  <wp:post_id>9</wp:post_id>
  <wp:post_date>2018-06-04 07:31:51</wp:post_date>
  <wp:post_date_gmt>2018-06-04 07:31:51</wp:post_date_gmt>
  <wp:comment_status>closed</wp:comment_status>
  <wp:ping_status>closed</wp:ping_status>
  <wp:post_name>instagram</wp:post_name>
  <wp:status>publish</wp:status>
  <wp:post_parent>0</wp:post_parent>
  <wp:menu_order>3</wp:menu_order>
  <wp:post_type>nav_menu_item</wp:post_type>
  <wp:post_password/>
  <wp:is_sticky>0</wp:is_sticky>
  <category domain="nav_menu" nicename="social"><![CDATA[Social]]></category>
  <wp:postmeta>
    <wp:meta_key>_menu_item_type</wp:meta_key>
    <wp:meta_value><![CDATA[custom]]></wp:meta_value>
  </wp:postmeta>
  <wp:postmeta>
    <wp:meta_key>_menu_item_menu_item_parent</wp:meta_key>
    <wp:meta_value><![CDATA[0]]></wp:meta_value>
  </wp:postmeta>
  <wp:postmeta>
    <wp:meta_key>_menu_item_object_id</wp:meta_key>
    <wp:meta_value><![CDATA[9]]></wp:meta_value>
  </wp:postmeta>
  <wp:postmeta>
    <wp:meta_key>_menu_item_object</wp:meta_key>
    <wp:meta_value><![CDATA[custom]]></wp:meta_value>
  </wp:postmeta>
  <wp:postmeta>
    <wp:meta_key>_menu_item_target</wp:meta_key>
    <wp:meta_value><![CDATA[]]></wp:meta_value>
  </wp:postmeta>
  <wp:postmeta>
    <wp:meta_key>_menu_item_classes</wp:meta_key>
    <wp:meta_value><![CDATA[a:1:{i:0;s:0:"";}]]></wp:meta_value>
  </wp:postmeta>
  <wp:postmeta>
    <wp:meta_key>_menu_item_xfn</wp:meta_key>
    <wp:meta_value><![CDATA[]]></wp:meta_value>
  </wp:postmeta>
  <wp:postmeta>
    <wp:meta_key>_menu_item_url</wp:meta_key>
    <wp:meta_value><![CDATA[http://instagram.com]]></wp:meta_value>
  </wp:postmeta>
</item>
<item>
  <title>Post 2</title>
  <link>http://jordy.xtheme.net/post-2</link>
  <pubDate>Sun, 20 May 2018 07:22:11 +0000</pubDate>
  <dc:creator>admin</dc:creator>
  <guid isPermaLink="false">http://wp/jordy/post-2</guid>
  <description/>
  <content:encoded><![CDATA[<p>Lorem ipsum dolor sit amet, consectetur adipiscing elit. At ille pellit, qui permulcet sensum voluptate. Hoc sic expositum dissimile est superiori. Roges enim Aristonem, bonane ei videantur haec: vacuitas doloris, divitiae, valitudo; Cum id fugiunt, re eadem defendunt, quae Peripatetici, verba. Philosophi autem in suis lectulis plerumque moriuntur. Nummus in Croesi divitiis obscuratur, pars est tamen divitiarum. Duo Reges: constructio interrete. Istam voluptatem, inquit, Epicurus ignorat? Tria genera cupiditatum, naturales et necessariae, naturales et non necessariae, nec naturales nec necessariae. Collige omnia, quae soletis: Praesidium amicorum. Ergo id est convenienter naturae vivere, a natura discedere. Tantum dico, magis fuisse vestrum agere Epicuri diem natalem, quam illius testamento cavere ut ageretur. </p>

<p>Negat esse eam, inquit, propter se expetendam. Est enim tanti philosophi tamque nobilis audacter sua decreta defendere. Quid, si reviviscant Platonis illi et deinceps qui eorum auditores fuerunt, et tecum ita loquantur? Qui autem esse poteris, nisi te amor ipse ceperit? </p>

<p>Partim cursu et peragratione laetantur, congregatione aliae coetum quodam modo civitatis imitantur; Quod non faceret, si in voluptate summum bonum poneret. Quid nunc honeste dicit? Atque haec ita iustitiae propria sunt, ut sint virtutum reliquarum communia. </p>

<p>Universa enim illorum ratione cum tota vestra confligendum puto. Quare conare, quaeso. Fatebuntur Stoici haec omnia dicta esse praeclare, neque eam causam Zenoni desciscendi fuisse. Bonum incolumis acies: misera caecitas. Quis non odit sordidos, vanos, leves, futtiles? Ea possunt paria non esse. Atqui iste locus est, Piso, tibi etiam atque etiam confirmandus, inquam; Et summatim quidem haec erant de corpore animoque dicenda, quibus quasi informatum est quid hominis natura postulet. An, partus ancillae sitne in fructu habendus, disseretur inter principes civitatis, P. Quis negat? </p>

<p>Cur igitur, inquam, res tam dissimiles eodem nomine appellas? Ergo hoc quidem apparet, nos ad agendum esse natos. </p>

]]></content:encoded>
  <excerpt:encoded><![CDATA[]]></excerpt:encoded>
  <wp:post_id>10</wp:post_id>
  <wp:post_date>2018-05-20 07:22:11</wp:post_date>
  <wp:post_date_gmt>2018-05-20 07:22:11</wp:post_date_gmt>
  <wp:comment_status>open</wp:comment_status>
  <wp:ping_status>open</wp:ping_status>
  <wp:post_name>post-2</wp:post_name>
  <wp:status>publish</wp:status>
  <wp:post_parent>0</wp:post_parent>
  <wp:menu_order>0</wp:menu_order>
  <wp:post_type>post</wp:post_type>
  <wp:post_password/>
  <wp:is_sticky>0</wp:is_sticky>
  <category domain="post_tag" nicename="blog"><![CDATA[blog]]></category>
  <category domain="post_tag" nicename="demo"><![CDATA[Demo]]></category>
  <category domain="post_tag" nicename="fashion"><![CDATA[fashion]]></category>
  <category domain="post_tag" nicename="featured"><![CDATA[Featured]]></category>
  <category domain="post_tag" nicename="jordy"><![CDATA[jordy]]></category>
  <category domain="post_tag" nicename="lifestyle"><![CDATA[lifestyle]]></category>
  <category domain="post_tag" nicename="newsletter"><![CDATA[newsletter]]></category>
  <category domain="category" nicename="uncategorized"><![CDATA[Uncategorized]]></category>
  <category domain="post_tag" nicename="wordpress"><![CDATA[WordPress]]></category>
  <wp:postmeta>
    <wp:meta_key>_thumbnail_id</wp:meta_key>
    <wp:meta_value><![CDATA[41]]></wp:meta_value>
  </wp:postmeta>
  <wp:postmeta>
    <wp:meta_key>_edit_last</wp:meta_key>
    <wp:meta_value><![CDATA[1]]></wp:meta_value>
  </wp:postmeta>
  <wp:postmeta>
    <wp:meta_key>_wp_old_date</wp:meta_key>
    <wp:meta_value><![CDATA[2018-06-06]]></wp:meta_value>
  </wp:postmeta>
</item>
<item>
  <title>Post 3</title>
  <link>http://jordy.xtheme.net/post-3</link>
  <pubDate>Mon, 28 May 2018 07:22:11 +0000</pubDate>
  <dc:creator>admin</dc:creator>
  <guid isPermaLink="false">http://wp/jordy/post-3</guid>
  <description/>
  <content:encoded><![CDATA[<p>Lorem ipsum dolor sit amet, consectetur adipiscing elit. At ille pellit, qui permulcet sensum voluptate. Hoc sic expositum dissimile est superiori. Roges enim Aristonem, bonane ei videantur haec: vacuitas doloris, divitiae, valitudo; Cum id fugiunt, re eadem defendunt, quae Peripatetici, verba. Philosophi autem in suis lectulis plerumque moriuntur. Nummus in Croesi divitiis obscuratur, pars est tamen divitiarum. Duo Reges: constructio interrete. Istam voluptatem, inquit, Epicurus ignorat? Tria genera cupiditatum, naturales et necessariae, naturales et non necessariae, nec naturales nec necessariae. Collige omnia, quae soletis: Praesidium amicorum. Ergo id est convenienter naturae vivere, a natura discedere. Tantum dico, magis fuisse vestrum agere Epicuri diem natalem, quam illius testamento cavere ut ageretur. </p>

<p>Negat esse eam, inquit, propter se expetendam. Est enim tanti philosophi tamque nobilis audacter sua decreta defendere. Quid, si reviviscant Platonis illi et deinceps qui eorum auditores fuerunt, et tecum ita loquantur? Qui autem esse poteris, nisi te amor ipse ceperit? </p>

<p>Partim cursu et peragratione laetantur, congregatione aliae coetum quodam modo civitatis imitantur; Quod non faceret, si in voluptate summum bonum poneret. Quid nunc honeste dicit? Atque haec ita iustitiae propria sunt, ut sint virtutum reliquarum communia. </p>

<p>Universa enim illorum ratione cum tota vestra confligendum puto. Quare conare, quaeso. Fatebuntur Stoici haec omnia dicta esse praeclare, neque eam causam Zenoni desciscendi fuisse. Bonum incolumis acies: misera caecitas. Quis non odit sordidos, vanos, leves, futtiles? Ea possunt paria non esse. Atqui iste locus est, Piso, tibi etiam atque etiam confirmandus, inquam; Et summatim quidem haec erant de corpore animoque dicenda, quibus quasi informatum est quid hominis natura postulet. An, partus ancillae sitne in fructu habendus, disseretur inter principes civitatis, P. Quis negat? </p>

<p>Cur igitur, inquam, res tam dissimiles eodem nomine appellas? Ergo hoc quidem apparet, nos ad agendum esse natos. </p>

]]></content:encoded>
  <excerpt:encoded><![CDATA[]]></excerpt:encoded>
  <wp:post_id>11</wp:post_id>
  <wp:post_date>2018-05-28 07:22:11</wp:post_date>
  <wp:post_date_gmt>2018-05-28 07:22:11</wp:post_date_gmt>
  <wp:comment_status>open</wp:comment_status>
  <wp:ping_status>open</wp:ping_status>
  <wp:post_name>post-3</wp:post_name>
  <wp:status>publish</wp:status>
  <wp:post_parent>0</wp:post_parent>
  <wp:menu_order>0</wp:menu_order>
  <wp:post_type>post</wp:post_type>
  <wp:post_password/>
  <wp:is_sticky>0</wp:is_sticky>
  <category domain="post_tag" nicename="blog"><![CDATA[blog]]></category>
  <category domain="post_tag" nicename="demo"><![CDATA[Demo]]></category>
  <category domain="post_tag" nicename="fashion"><![CDATA[fashion]]></category>
  <category domain="post_tag" nicename="jordy"><![CDATA[jordy]]></category>
  <category domain="post_tag" nicename="lifestyle"><![CDATA[lifestyle]]></category>
  <category domain="post_tag" nicename="newsletter"><![CDATA[newsletter]]></category>
  <category domain="category" nicename="uncategorized"><![CDATA[Uncategorized]]></category>
  <category domain="post_tag" nicename="wordpress"><![CDATA[WordPress]]></category>
  <wp:postmeta>
    <wp:meta_key>_thumbnail_id</wp:meta_key>
    <wp:meta_value><![CDATA[38]]></wp:meta_value>
  </wp:postmeta>
  <wp:postmeta>
    <wp:meta_key>_edit_last</wp:meta_key>
    <wp:meta_value><![CDATA[1]]></wp:meta_value>
  </wp:postmeta>
  <wp:postmeta>
    <wp:meta_key>_wp_old_date</wp:meta_key>
    <wp:meta_value><![CDATA[2018-06-06]]></wp:meta_value>
  </wp:postmeta>
</item>
<item>
  <title>Post 4</title>
  <link>http://jordy.xtheme.net/post-4</link>
  <pubDate>Tue, 29 May 2018 07:22:11 +0000</pubDate>
  <dc:creator>admin</dc:creator>
  <guid isPermaLink="false">http://wp/jordy/post-4</guid>
  <description/>
  <content:encoded><![CDATA[<p>Lorem ipsum dolor sit amet, consectetur adipiscing elit. At ille pellit, qui permulcet sensum voluptate. Hoc sic expositum dissimile est superiori. Roges enim Aristonem, bonane ei videantur haec: vacuitas doloris, divitiae, valitudo; Cum id fugiunt, re eadem defendunt, quae Peripatetici, verba. Philosophi autem in suis lectulis plerumque moriuntur. Nummus in Croesi divitiis obscuratur, pars est tamen divitiarum. Duo Reges: constructio interrete. Istam voluptatem, inquit, Epicurus ignorat? Tria genera cupiditatum, naturales et necessariae, naturales et non necessariae, nec naturales nec necessariae. Collige omnia, quae soletis: Praesidium amicorum. Ergo id est convenienter naturae vivere, a natura discedere. Tantum dico, magis fuisse vestrum agere Epicuri diem natalem, quam illius testamento cavere ut ageretur. </p>

<p>Negat esse eam, inquit, propter se expetendam. Est enim tanti philosophi tamque nobilis audacter sua decreta defendere. Quid, si reviviscant Platonis illi et deinceps qui eorum auditores fuerunt, et tecum ita loquantur? Qui autem esse poteris, nisi te amor ipse ceperit? </p>

<p>Partim cursu et peragratione laetantur, congregatione aliae coetum quodam modo civitatis imitantur; Quod non faceret, si in voluptate summum bonum poneret. Quid nunc honeste dicit? Atque haec ita iustitiae propria sunt, ut sint virtutum reliquarum communia. </p>

<p>Universa enim illorum ratione cum tota vestra confligendum puto. Quare conare, quaeso. Fatebuntur Stoici haec omnia dicta esse praeclare, neque eam causam Zenoni desciscendi fuisse. Bonum incolumis acies: misera caecitas. Quis non odit sordidos, vanos, leves, futtiles? Ea possunt paria non esse. Atqui iste locus est, Piso, tibi etiam atque etiam confirmandus, inquam; Et summatim quidem haec erant de corpore animoque dicenda, quibus quasi informatum est quid hominis natura postulet. An, partus ancillae sitne in fructu habendus, disseretur inter principes civitatis, P. Quis negat? </p>

<p>Cur igitur, inquam, res tam dissimiles eodem nomine appellas? Ergo hoc quidem apparet, nos ad agendum esse natos. </p>

]]></content:encoded>
  <excerpt:encoded><![CDATA[]]></excerpt:encoded>
  <wp:post_id>12</wp:post_id>
  <wp:post_date>2018-05-29 07:22:11</wp:post_date>
  <wp:post_date_gmt>2018-05-29 07:22:11</wp:post_date_gmt>
  <wp:comment_status>open</wp:comment_status>
  <wp:ping_status>open</wp:ping_status>
  <wp:post_name>post-4</wp:post_name>
  <wp:status>publish</wp:status>
  <wp:post_parent>0</wp:post_parent>
  <wp:menu_order>0</wp:menu_order>
  <wp:post_type>post</wp:post_type>
  <wp:post_password/>
  <wp:is_sticky>0</wp:is_sticky>
  <category domain="post_tag" nicename="blog"><![CDATA[blog]]></category>
  <category domain="post_tag" nicename="demo"><![CDATA[Demo]]></category>
  <category domain="post_tag" nicename="fashion"><![CDATA[fashion]]></category>
  <category domain="post_tag" nicename="jordy"><![CDATA[jordy]]></category>
  <category domain="post_tag" nicename="lifestyle"><![CDATA[lifestyle]]></category>
  <category domain="post_tag" nicename="newsletter"><![CDATA[newsletter]]></category>
  <category domain="category" nicename="uncategorized"><![CDATA[Uncategorized]]></category>
  <category domain="post_tag" nicename="wordpress"><![CDATA[WordPress]]></category>
  <wp:postmeta>
    <wp:meta_key>_thumbnail_id</wp:meta_key>
    <wp:meta_value><![CDATA[37]]></wp:meta_value>
  </wp:postmeta>
  <wp:postmeta>
    <wp:meta_key>_edit_last</wp:meta_key>
    <wp:meta_value><![CDATA[1]]></wp:meta_value>
  </wp:postmeta>
  <wp:postmeta>
    <wp:meta_key>_wp_old_date</wp:meta_key>
    <wp:meta_value><![CDATA[2018-06-06]]></wp:meta_value>
  </wp:postmeta>
</item>
<item>
  <title>Ingenious Utensils</title>
  <link>http://jordy.xtheme.net/ingenious-utensils</link>
  <pubDate>Wed, 30 May 2018 07:22:11 +0000</pubDate>
  <dc:creator>admin</dc:creator>
  <guid isPermaLink="false">http://wp/jordy/post-5</guid>
  <description/>
  <content:encoded><![CDATA[Seasoned chefs can determine the doneness of foods with just a poke or touch. Designer Jack O’Farrell recognizes the majority of home cooks cannot rely upon this feat requiring years of experience. O’Farrell’s Temp smart cooking utensil is an ingenious solution that offers anyone the ability to measure cooking temperatures accurately in the form factor of a utensil rather than a traditional measuring device.

Essentially a digital thermometer inside an all-black heat resistant spoon, the Temp is envisioned to help home cooks determine whether boiling liquids and sauces have reached proper temperatures with just a stir; a hidden needle-style thermometer can also be removed from the spoon’s handle for taking readings when poked directly into meats and vegetables. Temperatures are displayed both using LED indicators at the top of the Temp’s handle and also via connected app.

From Jack O’Farrell/Designer of Temp:
<blockquote>I didn’t exactly want [the Temp] to fit in with the kitchen utensil feel. I want Temp to be seen as a gadget, as a pivotal ingredient to any kitchen cooking experience. In order to do this I needed it to be bold and have its own attitude, something to separate it from the usual look and feel of kitchen utensils.</blockquote>
Temp is currently only a concept, but one that seems ripe for a larger cooking utensil manufacturer like OXO or KitchenAid to license. Or perhaps better yet, a design to launch the career of this young designer’s own line of smart kitchen tools.

Source: design-milk.com]]></content:encoded>
  <excerpt:encoded><![CDATA[]]></excerpt:encoded>
  <wp:post_id>13</wp:post_id>
  <wp:post_date>2018-05-30 07:22:11</wp:post_date>
  <wp:post_date_gmt>2018-05-30 07:22:11</wp:post_date_gmt>
  <wp:comment_status>open</wp:comment_status>
  <wp:ping_status>open</wp:ping_status>
  <wp:post_name>ingenious-utensils</wp:post_name>
  <wp:status>publish</wp:status>
  <wp:post_parent>0</wp:post_parent>
  <wp:menu_order>0</wp:menu_order>
  <wp:post_type>post</wp:post_type>
  <wp:post_password/>
  <wp:is_sticky>0</wp:is_sticky>
  <category domain="post_tag" nicename="blog"><![CDATA[blog]]></category>
  <category domain="post_tag" nicename="demo"><![CDATA[Demo]]></category>
  <category domain="post_tag" nicename="fashion"><![CDATA[fashion]]></category>
  <category domain="post_tag" nicename="jordy"><![CDATA[jordy]]></category>
  <category domain="post_tag" nicename="lifestyle"><![CDATA[lifestyle]]></category>
  <category domain="post_tag" nicename="newsletter"><![CDATA[newsletter]]></category>
  <category domain="category" nicename="uncategorized"><![CDATA[Uncategorized]]></category>
  <category domain="post_tag" nicename="wordpress"><![CDATA[WordPress]]></category>
  <wp:postmeta>
    <wp:meta_key>_thumbnail_id</wp:meta_key>
    <wp:meta_value><![CDATA[36]]></wp:meta_value>
  </wp:postmeta>
  <wp:postmeta>
    <wp:meta_key>_edit_last</wp:meta_key>
    <wp:meta_value><![CDATA[1]]></wp:meta_value>
  </wp:postmeta>
  <wp:postmeta>
    <wp:meta_key>_wp_old_date</wp:meta_key>
    <wp:meta_value><![CDATA[2018-06-06]]></wp:meta_value>
  </wp:postmeta>
  <wp:postmeta>
    <wp:meta_key>_wp_old_slug</wp:meta_key>
    <wp:meta_value><![CDATA[post-5]]></wp:meta_value>
  </wp:postmeta>
</item>
<item>
  <title>Flower Language</title>
  <link>http://jordy.xtheme.net/flower-language</link>
  <pubDate>Fri, 01 Jun 2018 07:22:11 +0000</pubDate>
  <dc:creator>admin</dc:creator>
  <guid isPermaLink="false">http://wp/jordy/post-6</guid>
  <description/>
  <content:encoded><![CDATA[Take a step back into Victorian times, when flower-rich bouquets and petite nosegays were arranged with attention not only to the beauty of the blooms but to their meanings as well.

In a rediscovery of traditions that go as far back as the Greeks and Romans, the 19th century saw thoughts, feelings, and wishes assigned to hundreds of plants and flowers. The result was a kind of floral code through which poetic suitors and the objects of their affections could coyly communicate in prim Victorian society.

Through time, some flowers have acquired multiple and even contradictory meanings, and not every flower has been assigned one. For example, foxglove, a cottage garden favorite, could mean either "insincerity" or "a wish," depending on the occasion.

A modern approach to communicating with flowers calls for a loose interpretation of the meanings and a willingness to have fun. Feel free to make one or several symbolic flowers the stars of your bouquet, then fill in with blossoms that contribute beauty, but not necessarily meaning, to the arrangement.

The vast vocabulary of flowers can express sentiments for hundreds of occasions. Celebrate an anniversary by giving the lucky couple a bouquet of red and white roses, symbolizing "love" and "unity," respectively, mixed with hydrangea and lavender, both of which communicate "devotion." Or thank a friend with a clutch of bellflower, expressing "gratitude," and daisy fleabane and parsley, which both mean "thank you."

Finish each arrangement by attaching a handwritten tag that lists the meaning of each flower, or explain them in person when you deliver the bouquet. You might include a flower meanings reference book so the recipient can continue the tradition.

Our half-dozen blooming beauties mix stems cut from the garden with florist favorites in combinations pleasing to the eye and the heart. We hope they inspire you to compose your own poem in flowers.

Source: bhg.com]]></content:encoded>
  <excerpt:encoded><![CDATA[]]></excerpt:encoded>
  <wp:post_id>14</wp:post_id>
  <wp:post_date>2018-06-01 07:22:11</wp:post_date>
  <wp:post_date_gmt>2018-06-01 07:22:11</wp:post_date_gmt>
  <wp:comment_status>open</wp:comment_status>
  <wp:ping_status>open</wp:ping_status>
  <wp:post_name>flower-language</wp:post_name>
  <wp:status>publish</wp:status>
  <wp:post_parent>0</wp:post_parent>
  <wp:menu_order>0</wp:menu_order>
  <wp:post_type>post</wp:post_type>
  <wp:post_password/>
  <wp:is_sticky>0</wp:is_sticky>
  <category domain="post_tag" nicename="blog"><![CDATA[blog]]></category>
  <category domain="post_tag" nicename="demo"><![CDATA[Demo]]></category>
  <category domain="post_tag" nicename="fashion"><![CDATA[fashion]]></category>
  <category domain="post_tag" nicename="jordy"><![CDATA[jordy]]></category>
  <category domain="post_tag" nicename="lifestyle"><![CDATA[lifestyle]]></category>
  <category domain="post_tag" nicename="newsletter"><![CDATA[newsletter]]></category>
  <category domain="category" nicename="uncategorized"><![CDATA[Uncategorized]]></category>
  <category domain="post_tag" nicename="wordpress"><![CDATA[WordPress]]></category>
  <wp:postmeta>
    <wp:meta_key>_thumbnail_id</wp:meta_key>
    <wp:meta_value><![CDATA[37]]></wp:meta_value>
  </wp:postmeta>
  <wp:postmeta>
    <wp:meta_key>_edit_last</wp:meta_key>
    <wp:meta_value><![CDATA[1]]></wp:meta_value>
  </wp:postmeta>
  <wp:postmeta>
    <wp:meta_key>_wp_old_date</wp:meta_key>
    <wp:meta_value><![CDATA[2018-06-06]]></wp:meta_value>
  </wp:postmeta>
  <wp:postmeta>
    <wp:meta_key>_wp_old_slug</wp:meta_key>
    <wp:meta_value><![CDATA[post-6]]></wp:meta_value>
  </wp:postmeta>
</item>
<item>
  <title>Stress Relievers</title>
  <link>http://jordy.xtheme.net/stress-relievers</link>
  <pubDate>Sat, 02 Jun 2018 07:22:11 +0000</pubDate>
  <dc:creator>admin</dc:creator>
  <guid isPermaLink="false">http://wp/jordy/post-7</guid>
  <description/>
  <content:encoded><![CDATA[Ever wish a stress superhero could save you from the tension of traffic jams, chaotic meetings, arguments with your spouse, or a toddler’s tantrums? Well, you can be your own stress-busting superhero. Using your senses, you can tap into the power to reduce the impact of stress as it’s happening and stay in control when the pressure builds.

Like any skill, learning how to ease stress in the moment takes time, experimentation, and practice, but the payoff is huge. When you know how to quickly relieve stress, you can stay calm, productive, and focused—no matter what life throws at you.

There are countless techniques for managing stress. Yoga, mindfulness meditation, and exercise are just a few examples of stress-relieving activities that work wonders. But in the heat of the moment—during a high-pressure job interview, for example, or a disagreement with your spouse—you can’t just excuse yourself to meditate or take a long walk. For these situations, you need something more immediate and accessible.

One of the speediest and most reliable ways to stamp out stress is by engaging one or more of your senses—sight, sound, taste, smell, touch—or through movement. But since everyone is different, you’ll need to do some experimenting to discover which technique works best for you.

It might seem obvious that you’d know when you’re stressed, but many of us spend so much time in a frazzled state that we’ve forgotten what it feels like when our nervous systems are in balance—when we’re calm yet still alert and focused. If this is you, you can recognize when you’re stressed by listening to your body.

When you're tired, your eyes feel heavy and you might rest your head on your hand. When you're happy, you laugh easily. And when you’re stressed, your body lets you know that, too. Get in the habit of paying attention to your body’s clues.

Source: helpguide.com

&nbsp;
<div class="info box">
<h4></h4>
</div>
&nbsp;]]></content:encoded>
  <excerpt:encoded><![CDATA[]]></excerpt:encoded>
  <wp:post_id>15</wp:post_id>
  <wp:post_date>2018-06-02 07:22:11</wp:post_date>
  <wp:post_date_gmt>2018-06-02 07:22:11</wp:post_date_gmt>
  <wp:comment_status>open</wp:comment_status>
  <wp:ping_status>open</wp:ping_status>
  <wp:post_name>stress-relievers</wp:post_name>
  <wp:status>publish</wp:status>
  <wp:post_parent>0</wp:post_parent>
  <wp:menu_order>0</wp:menu_order>
  <wp:post_type>post</wp:post_type>
  <wp:post_password/>
  <wp:is_sticky>0</wp:is_sticky>
  <category domain="post_tag" nicename="blog"><![CDATA[blog]]></category>
  <category domain="post_tag" nicename="demo"><![CDATA[Demo]]></category>
  <category domain="post_tag" nicename="fashion"><![CDATA[fashion]]></category>
  <category domain="post_tag" nicename="jordy"><![CDATA[jordy]]></category>
  <category domain="post_tag" nicename="lifestyle"><![CDATA[lifestyle]]></category>
  <category domain="post_tag" nicename="newsletter"><![CDATA[newsletter]]></category>
  <category domain="category" nicename="uncategorized"><![CDATA[Uncategorized]]></category>
  <category domain="post_tag" nicename="wordpress"><![CDATA[WordPress]]></category>
  <wp:postmeta>
    <wp:meta_key>_thumbnail_id</wp:meta_key>
    <wp:meta_value><![CDATA[34]]></wp:meta_value>
  </wp:postmeta>
  <wp:postmeta>
    <wp:meta_key>_edit_last</wp:meta_key>
    <wp:meta_value><![CDATA[1]]></wp:meta_value>
  </wp:postmeta>
  <wp:postmeta>
    <wp:meta_key>_wp_old_date</wp:meta_key>
    <wp:meta_value><![CDATA[2018-06-06]]></wp:meta_value>
  </wp:postmeta>
  <wp:postmeta>
    <wp:meta_key>_wp_old_slug</wp:meta_key>
    <wp:meta_value><![CDATA[post-7]]></wp:meta_value>
  </wp:postmeta>
</item>
<item>
  <title>Youth Rejuvenated</title>
  <link>http://jordy.xtheme.net/youth-rejuvenated</link>
  <pubDate>Sun, 03 Jun 2018 07:22:11 +0000</pubDate>
  <dc:creator>admin</dc:creator>
  <guid isPermaLink="false">http://wp/jordy/post-8</guid>
  <description/>
  <content:encoded><![CDATA[We live in a very fast-paced world, running from one place to another and doing one thing after another. Because we get so busy doing all the things we have to do, making them all seem a lot more important than they actually are, we start to panic and live in this constant state of urgency. As a result, we start to accumulate a lot of stress and tension into our bodies and forget what it actually feels like to relax and enjoy life.
<blockquote>“People, even more than things, have to be restored, renewed, revived, reclaimed, and redeemed.” ~ Audrey Hepburn</blockquote>
<span class="s1">Today I would like to share with you 9 simple yet powerful ways to restore, renew and rejuvenate yourself</span> so that you can enjoy life a little more and bring more peace and more happiness into your life. These are really simple things that will generate great results.

There’s nothing like a hot bubble bath to relax your mind, body, and spirit. Add some naturally flavored sea salts and flavored candles and you will spoil, pamper and awaken all your senses. By far one of my favorite things to do!

Bring your attention to your breath whenever possible. Breathe in deep through your nose by filling your lungs with oxygen, and exhale through your mouth. When you breathe in, make sure that your belly expands and when you breathe out, the belly should return inward to a neutral position. While exhaling, you can make the Heart Sound which sound something like “Haaaaaaaa”. I have learned this from practicing QiGong. It’s a great way to release stress and tension from your body and let go of all the things that no longer serve you.

By becoming mindful of your breathing, not only will you get to restore, renew and rejuvenate yourself and improve your health, but you will also train your mind into becoming more and a more present in the now, and trust me, it will change your whole life for the better.

Power naps are a great way to reset yourself and return to a place of inner peace, balance, and tranquility. If you want to give this a try, just find a comfortable place where you won’t be disturbed by anyone, whether it’s at home or at work, set your alarm, and for the next 15 minutes or so, go into the zzzzz land. Your mind, body, and soul will thank you for it. Sooooo good!

Source: purposefairy.com]]></content:encoded>
  <excerpt:encoded><![CDATA[]]></excerpt:encoded>
  <wp:post_id>16</wp:post_id>
  <wp:post_date>2018-06-03 07:22:11</wp:post_date>
  <wp:post_date_gmt>2018-06-03 07:22:11</wp:post_date_gmt>
  <wp:comment_status>open</wp:comment_status>
  <wp:ping_status>open</wp:ping_status>
  <wp:post_name>youth-rejuvenated</wp:post_name>
  <wp:status>publish</wp:status>
  <wp:post_parent>0</wp:post_parent>
  <wp:menu_order>0</wp:menu_order>
  <wp:post_type>post</wp:post_type>
  <wp:post_password/>
  <wp:is_sticky>0</wp:is_sticky>
  <category domain="post_tag" nicename="blog"><![CDATA[blog]]></category>
  <category domain="post_tag" nicename="demo"><![CDATA[Demo]]></category>
  <category domain="post_tag" nicename="fashion"><![CDATA[fashion]]></category>
  <category domain="post_tag" nicename="jordy"><![CDATA[jordy]]></category>
  <category domain="post_tag" nicename="lifestyle"><![CDATA[lifestyle]]></category>
  <category domain="post_tag" nicename="newsletter"><![CDATA[newsletter]]></category>
  <category domain="category" nicename="uncategorized"><![CDATA[Uncategorized]]></category>
  <category domain="post_tag" nicename="wordpress"><![CDATA[WordPress]]></category>
  <wp:postmeta>
    <wp:meta_key>_thumbnail_id</wp:meta_key>
    <wp:meta_value><![CDATA[33]]></wp:meta_value>
  </wp:postmeta>
  <wp:postmeta>
    <wp:meta_key>_edit_last</wp:meta_key>
    <wp:meta_value><![CDATA[1]]></wp:meta_value>
  </wp:postmeta>
  <wp:postmeta>
    <wp:meta_key>_wp_old_date</wp:meta_key>
    <wp:meta_value><![CDATA[2018-06-06]]></wp:meta_value>
  </wp:postmeta>
  <wp:postmeta>
    <wp:meta_key>_wp_old_slug</wp:meta_key>
    <wp:meta_value><![CDATA[post-8]]></wp:meta_value>
  </wp:postmeta>
</item>
<item>
  <title>Daily Enlightenment</title>
  <link>http://jordy.xtheme.net/daily-enlightenment</link>
  <pubDate>Mon, 04 Jun 2018 07:22:11 +0000</pubDate>
  <dc:creator>admin</dc:creator>
  <guid isPermaLink="false">http://wp/jordy/post-9</guid>
  <description/>
  <content:encoded><![CDATA[There is a clear difference between a conceptual thought and the actual practice of everyday life. Today, we live in a stimulus-reaction driven society. We are always busy reacting to things - the phone calls, emails, business reports and our kids.
<blockquote>“Every man is a damn fool for at least five minutes every day. Wisdom consists in not exceeding that limit. ”</blockquote>
— Elbert Hubbard

We try to balance it out. We try to have our own time, work on some personal goals and pursue personal/spiritual/professional development all at the same time. We all know what to do. It's just that we fail to execute them. Life becomes burdening, overwhelming and we fatigue. How does Tony Robbins or Gary Vee do what they do? Are they faking it?

Goal-setting and using to-do lists are tools to keep our track amidst the chaos in life. It's actually one of the most ubiquitous advice in the world of self-improvement. But one thing that all these 'gurus' don't teach you is that we eventually burn out. Not everyone can sustain the high-energy output of Gary Vee or Tony Robbins. I'm here to tell you that you're not Gary Vee - and you don't have to be. Don't fake it. You want to become better. But does that desire itself bring you down? Make you depressed?

It's actually a vicious cycle. You accumulate goals over time, learn new things, aspire to achieve more and eventually, your list of to-dos become too much. As you fail to complete a task or reach a goal, you begin to feel underachieved. A sense of failure creeps in. Below are 5 steps to your daily enlightenment that will help you stay conscious and empower you to achieve your goals in life and have fun doing it.

"It is important to note that the most sensitive, self-reflective souls among us -- those of us with the highest visions, ideals, and standards -- often have the lowest sense of self-worth because we consistently fail to meet our idealized standards. George Bernard Shaw once remarked that the "ignorant are cocksure and the intelligent full of doubt."

Source: transformingadjustments.com]]></content:encoded>
  <excerpt:encoded><![CDATA[]]></excerpt:encoded>
  <wp:post_id>17</wp:post_id>
  <wp:post_date>2018-06-04 07:22:11</wp:post_date>
  <wp:post_date_gmt>2018-06-04 07:22:11</wp:post_date_gmt>
  <wp:comment_status>open</wp:comment_status>
  <wp:ping_status>open</wp:ping_status>
  <wp:post_name>daily-enlightenment</wp:post_name>
  <wp:status>publish</wp:status>
  <wp:post_parent>0</wp:post_parent>
  <wp:menu_order>0</wp:menu_order>
  <wp:post_type>post</wp:post_type>
  <wp:post_password/>
  <wp:is_sticky>0</wp:is_sticky>
  <category domain="post_tag" nicename="blog"><![CDATA[blog]]></category>
  <category domain="post_tag" nicename="demo"><![CDATA[Demo]]></category>
  <category domain="post_tag" nicename="fashion"><![CDATA[fashion]]></category>
  <category domain="post_tag" nicename="jordy"><![CDATA[jordy]]></category>
  <category domain="post_tag" nicename="lifestyle"><![CDATA[lifestyle]]></category>
  <category domain="post_tag" nicename="newsletter"><![CDATA[newsletter]]></category>
  <category domain="category" nicename="uncategorized"><![CDATA[Uncategorized]]></category>
  <category domain="post_tag" nicename="wordpress"><![CDATA[WordPress]]></category>
  <wp:postmeta>
    <wp:meta_key>_thumbnail_id</wp:meta_key>
    <wp:meta_value><![CDATA[32]]></wp:meta_value>
  </wp:postmeta>
  <wp:postmeta>
    <wp:meta_key>_edit_last</wp:meta_key>
    <wp:meta_value><![CDATA[1]]></wp:meta_value>
  </wp:postmeta>
  <wp:postmeta>
    <wp:meta_key>_wp_old_date</wp:meta_key>
    <wp:meta_value><![CDATA[2018-06-06]]></wp:meta_value>
  </wp:postmeta>
  <wp:postmeta>
    <wp:meta_key>_wp_old_slug</wp:meta_key>
    <wp:meta_value><![CDATA[post-9]]></wp:meta_value>
  </wp:postmeta>
</item>
<item>
  <title>Live with Less</title>
  <link>http://jordy.xtheme.net/live-with-less</link>
  <pubDate>Tue, 05 Jun 2018 07:22:11 +0000</pubDate>
  <dc:creator>admin</dc:creator>
  <guid isPermaLink="false">http://wp/jordy/post-10</guid>
  <description/>
  <content:encoded><![CDATA[The beauty of being a beginner minimalist is that you can be curious, and daring. You can ask for help, get back up if you fall, and look forward to new adventures in a life with less stuff, drama, debt, and obligation.

1. <strong>Write it down.</strong> Make a list of all the reasons you want to live more simply. If you are sick of debt collectors, write it down. Mad that you never get any time with your kids? Write it down. To stressed out to sleep at night? Put it on paper. Want to fire your boss? Yep, write that down too. These are your whys and your whys will provide great leverage when you think it’s too hard to keep going. Your whys will help you remember what matters.

2. <strong>Discard the duplicates.</strong> Walk through your home with a box and fill it with duplicates. If you have two sets of measuring cups, put them in the box. Copies of the same book or DVD? Put one in the box. Doubles on placemat sets? You only need one. Once you fill the box, label it “Duplicates” and put it out of sight for 30 days. If you don’t need anything or don’t remember what was in the box, donate it.

3. <strong>Declare a clutter-free zone.</strong> This area could be a kitchen table, your nightstand, a countertop or a drawer in your kitchen. Use that clutter-free zone as inspiration to live with less. If you enjoy that clean, clear environment, expand the zone a little bit each day. A clutter-free countertop can become a clutter-free room and a clutter-free room can become the clutter-free, minimalist home you’ve been thinking about.

4. <strong>Travel lightly.</strong> Travel always renews my love of minimalism and living simply. The next time you take a trip, pack for 1/2 the time. If you are traveling for 4 days, pack for 2. You can wash and hang clothes if you need to or wear the same things twice. See how it feels to carry less baggage.

5. <strong>Dress with Less.</strong> If you haven’t considered Project 333, dressing with only 33 items for 3 months (clothes, shoes, jewelry, accessories) sounds extreme, but thousands of people know that it actually makes life easier instead of more challenging.

Source: bemorewithless.com]]></content:encoded>
  <excerpt:encoded><![CDATA[]]></excerpt:encoded>
  <wp:post_id>18</wp:post_id>
  <wp:post_date>2018-06-05 07:22:11</wp:post_date>
  <wp:post_date_gmt>2018-06-05 07:22:11</wp:post_date_gmt>
  <wp:comment_status>open</wp:comment_status>
  <wp:ping_status>open</wp:ping_status>
  <wp:post_name>live-with-less</wp:post_name>
  <wp:status>publish</wp:status>
  <wp:post_parent>0</wp:post_parent>
  <wp:menu_order>0</wp:menu_order>
  <wp:post_type>post</wp:post_type>
  <wp:post_password/>
  <wp:is_sticky>0</wp:is_sticky>
  <category domain="category" nicename="uncategorized"><![CDATA[Uncategorized]]></category>
  <wp:postmeta>
    <wp:meta_key>_edit_last</wp:meta_key>
    <wp:meta_value><![CDATA[1]]></wp:meta_value>
  </wp:postmeta>
  <wp:postmeta>
    <wp:meta_key>_thumbnail_id</wp:meta_key>
    <wp:meta_value><![CDATA[30]]></wp:meta_value>
  </wp:postmeta>
  <wp:postmeta>
    <wp:meta_key>_wp_old_date</wp:meta_key>
    <wp:meta_value><![CDATA[2018-06-06]]></wp:meta_value>
  </wp:postmeta>
  <wp:postmeta>
    <wp:meta_key>_wp_old_slug</wp:meta_key>
    <wp:meta_value><![CDATA[post-10]]></wp:meta_value>
  </wp:postmeta>
</item>
<item>
  <title>Summer Nostalgia</title>
  <link>http://jordy.xtheme.net/summer-nostalgia</link>
  <pubDate>Wed, 06 Jun 2018 07:22:11 +0000</pubDate>
  <dc:creator>admin</dc:creator>
  <guid isPermaLink="false">http://wp/jordy/post-11</guid>
  <description/>
  <content:encoded><![CDATA[As the stay-at-home parent of school-age children, I get to revisit this trove of summertime emotions every year with an intensity that almost matches how I felt about summer as a child. When my children were younger, my summers were not particularly fun—school provided essential structure for them and much-needed free time for me; without those two things, summer was a dangerous void, like a family weekend with no plans that stretched on for three long months. I’d guess we city dwellers, lacking even the built-in release valve sending our children out to play in the yard, feel this especially keenly.

But now that I have older kids, who don’t need my constant attention, are happy to attend camp, and can play in a pool for hours, summers have regained the gorgeous glow I remember. Unlike other seasons, summer is poignant to its very core; even as it begins, we are all too aware that it will end.

Summer romances, summer tans, summer camp—everything we accomplish or enjoy in summer is by definition impermanent, has a tearful ending built in as a precondition of its existence. And summer’s ephemerality makes it so much lovelier while it lasts.

Summer memories and experiences are somehow more individual, more definitive than what we do at other times of the year. Released from the lockstep of sports schedules and academic deadlines, sometimes liberated even from our usual homes and pathways, summers allow us to explore and broaden, to imagine ourselves in chrysalis form, to remake our identities.

New Year’s resolutions were nothing compared to the resolutions I once made in July and August about how to be different and better come the new school year. Snipped from all the usual strings and expectations, I spent summers floating blissfully between all the potential selves I could imagine or become. I was free in every sense, even from myself.

Summers were identity-defining for people my age: Were you a camp kid? A pool lifeguard? Did you hang out with your friends at the lake, the drive-in, the beach? Did you do summer stock, or hike the Grand Teton?

Source: scarymommy.com]]></content:encoded>
  <excerpt:encoded><![CDATA[]]></excerpt:encoded>
  <wp:post_id>19</wp:post_id>
  <wp:post_date>2018-06-06 07:22:11</wp:post_date>
  <wp:post_date_gmt>2018-06-06 07:22:11</wp:post_date_gmt>
  <wp:comment_status>open</wp:comment_status>
  <wp:ping_status>open</wp:ping_status>
  <wp:post_name>summer-nostalgia</wp:post_name>
  <wp:status>publish</wp:status>
  <wp:post_parent>0</wp:post_parent>
  <wp:menu_order>0</wp:menu_order>
  <wp:post_type>post</wp:post_type>
  <wp:post_password/>
  <wp:is_sticky>0</wp:is_sticky>
  <category domain="category" nicename="blog"><![CDATA[Blog]]></category>
  <category domain="post_tag" nicename="blog"><![CDATA[blog]]></category>
  <category domain="post_tag" nicename="demo"><![CDATA[Demo]]></category>
  <category domain="post_tag" nicename="fashion"><![CDATA[fashion]]></category>
  <category domain="post_tag" nicename="jordy"><![CDATA[jordy]]></category>
  <category domain="post_tag" nicename="lifestyle"><![CDATA[lifestyle]]></category>
  <category domain="post_tag" nicename="newsletter"><![CDATA[newsletter]]></category>
  <category domain="category" nicename="uncategorized"><![CDATA[Uncategorized]]></category>
  <category domain="post_tag" nicename="wordpress"><![CDATA[WordPress]]></category>
  <wp:postmeta>
    <wp:meta_key>_edit_last</wp:meta_key>
    <wp:meta_value><![CDATA[1]]></wp:meta_value>
  </wp:postmeta>
  <wp:postmeta>
    <wp:meta_key>_thumbnail_id</wp:meta_key>
    <wp:meta_value><![CDATA[35]]></wp:meta_value>
  </wp:postmeta>
  <wp:postmeta>
    <wp:meta_key>_wp_old_slug</wp:meta_key>
    <wp:meta_value><![CDATA[post-11]]></wp:meta_value>
  </wp:postmeta>
</item>
<item>
  <title>blog-1</title>
  <link>http://jordy.xtheme.net/blog-1</link>
  <pubDate>Fri, 08 Jun 2018 09:41:39 +0000</pubDate>
  <dc:creator>admin</dc:creator>
  <guid isPermaLink="false">http://wp/jordy/wp-content/uploads/2018/06/blog-1.jpg</guid>
  <description/>
  <content:encoded><![CDATA[]]></content:encoded>
  <excerpt:encoded><![CDATA[]]></excerpt:encoded>
  <wp:post_id>30</wp:post_id>
  <wp:post_date>2018-06-08 09:41:39</wp:post_date>
  <wp:post_date_gmt>2018-06-08 09:41:39</wp:post_date_gmt>
  <wp:comment_status>open</wp:comment_status>
  <wp:ping_status>closed</wp:ping_status>
  <wp:post_name>blog-1</wp:post_name>
  <wp:status>inherit</wp:status>
  <wp:post_parent>0</wp:post_parent>
  <wp:menu_order>0</wp:menu_order>
  <wp:post_type>attachment</wp:post_type>
  <wp:post_password/>
  <wp:is_sticky>0</wp:is_sticky>
  <wp:attachment_url>http://jordy.xtheme.net/wp-content/uploads/2018/06/blog-1.jpg</wp:attachment_url>
</item>
<item>
  <title>blog-2</title>
  <link>http://jordy.xtheme.net/blog-2-2</link>
  <pubDate>Fri, 08 Jun 2018 09:41:41 +0000</pubDate>
  <dc:creator>admin</dc:creator>
  <guid isPermaLink="false">http://wp/jordy/wp-content/uploads/2018/06/blog-2-1.jpg</guid>
  <description/>
  <content:encoded><![CDATA[]]></content:encoded>
  <excerpt:encoded><![CDATA[]]></excerpt:encoded>
  <wp:post_id>31</wp:post_id>
  <wp:post_date>2018-06-08 09:41:41</wp:post_date>
  <wp:post_date_gmt>2018-06-08 09:41:41</wp:post_date_gmt>
  <wp:comment_status>open</wp:comment_status>
  <wp:ping_status>closed</wp:ping_status>
  <wp:post_name>blog-2-2</wp:post_name>
  <wp:status>inherit</wp:status>
  <wp:post_parent>0</wp:post_parent>
  <wp:menu_order>0</wp:menu_order>
  <wp:post_type>attachment</wp:post_type>
  <wp:post_password/>
  <wp:is_sticky>0</wp:is_sticky>
  <wp:attachment_url>http://jordy.xtheme.net/wp-content/uploads/2018/06/blog-2-1.jpg</wp:attachment_url>
</item>
<item>
  <title>blog-3</title>
  <link>http://jordy.xtheme.net/blog-3</link>
  <pubDate>Fri, 08 Jun 2018 09:41:43 +0000</pubDate>
  <dc:creator>admin</dc:creator>
  <guid isPermaLink="false">http://wp/jordy/wp-content/uploads/2018/06/blog-3.jpg</guid>
  <description/>
  <content:encoded><![CDATA[]]></content:encoded>
  <excerpt:encoded><![CDATA[]]></excerpt:encoded>
  <wp:post_id>32</wp:post_id>
  <wp:post_date>2018-06-08 09:41:43</wp:post_date>
  <wp:post_date_gmt>2018-06-08 09:41:43</wp:post_date_gmt>
  <wp:comment_status>open</wp:comment_status>
  <wp:ping_status>closed</wp:ping_status>
  <wp:post_name>blog-3</wp:post_name>
  <wp:status>inherit</wp:status>
  <wp:post_parent>0</wp:post_parent>
  <wp:menu_order>0</wp:menu_order>
  <wp:post_type>attachment</wp:post_type>
  <wp:post_password/>
  <wp:is_sticky>0</wp:is_sticky>
  <wp:attachment_url>http://jordy.xtheme.net/wp-content/uploads/2018/06/blog-3.jpg</wp:attachment_url>
</item>
<item>
  <title>blog-4</title>
  <link>http://jordy.xtheme.net/blog-4</link>
  <pubDate>Fri, 08 Jun 2018 09:41:45 +0000</pubDate>
  <dc:creator>admin</dc:creator>
  <guid isPermaLink="false">http://wp/jordy/wp-content/uploads/2018/06/blog-4.jpg</guid>
  <description/>
  <content:encoded><![CDATA[]]></content:encoded>
  <excerpt:encoded><![CDATA[]]></excerpt:encoded>
  <wp:post_id>33</wp:post_id>
  <wp:post_date>2018-06-08 09:41:45</wp:post_date>
  <wp:post_date_gmt>2018-06-08 09:41:45</wp:post_date_gmt>
  <wp:comment_status>open</wp:comment_status>
  <wp:ping_status>closed</wp:ping_status>
  <wp:post_name>blog-4</wp:post_name>
  <wp:status>inherit</wp:status>
  <wp:post_parent>0</wp:post_parent>
  <wp:menu_order>0</wp:menu_order>
  <wp:post_type>attachment</wp:post_type>
  <wp:post_password/>
  <wp:is_sticky>0</wp:is_sticky>
  <wp:attachment_url>http://jordy.xtheme.net/wp-content/uploads/2018/06/blog-4.jpg</wp:attachment_url>
</item>
<item>
  <title>blog-5</title>
  <link>http://jordy.xtheme.net/blog-5</link>
  <pubDate>Fri, 08 Jun 2018 09:41:47 +0000</pubDate>
  <dc:creator>admin</dc:creator>
  <guid isPermaLink="false">http://wp/jordy/wp-content/uploads/2018/06/blog-5.jpg</guid>
  <description/>
  <content:encoded><![CDATA[]]></content:encoded>
  <excerpt:encoded><![CDATA[]]></excerpt:encoded>
  <wp:post_id>34</wp:post_id>
  <wp:post_date>2018-06-08 09:41:47</wp:post_date>
  <wp:post_date_gmt>2018-06-08 09:41:47</wp:post_date_gmt>
  <wp:comment_status>open</wp:comment_status>
  <wp:ping_status>closed</wp:ping_status>
  <wp:post_name>blog-5</wp:post_name>
  <wp:status>inherit</wp:status>
  <wp:post_parent>0</wp:post_parent>
  <wp:menu_order>0</wp:menu_order>
  <wp:post_type>attachment</wp:post_type>
  <wp:post_password/>
  <wp:is_sticky>0</wp:is_sticky>
  <wp:attachment_url>http://jordy.xtheme.net/wp-content/uploads/2018/06/blog-5.jpg</wp:attachment_url>
</item>
<item>
  <title>blog-6</title>
  <link>http://jordy.xtheme.net/blog-6</link>
  <pubDate>Fri, 08 Jun 2018 09:41:49 +0000</pubDate>
  <dc:creator>admin</dc:creator>
  <guid isPermaLink="false">http://wp/jordy/wp-content/uploads/2018/06/blog-6.jpg</guid>
  <description/>
  <content:encoded><![CDATA[]]></content:encoded>
  <excerpt:encoded><![CDATA[]]></excerpt:encoded>
  <wp:post_id>35</wp:post_id>
  <wp:post_date>2018-06-08 09:41:49</wp:post_date>
  <wp:post_date_gmt>2018-06-08 09:41:49</wp:post_date_gmt>
  <wp:comment_status>open</wp:comment_status>
  <wp:ping_status>closed</wp:ping_status>
  <wp:post_name>blog-6</wp:post_name>
  <wp:status>inherit</wp:status>
  <wp:post_parent>0</wp:post_parent>
  <wp:menu_order>0</wp:menu_order>
  <wp:post_type>attachment</wp:post_type>
  <wp:post_password/>
  <wp:is_sticky>0</wp:is_sticky>
  <wp:attachment_url>http://jordy.xtheme.net/wp-content/uploads/2018/06/blog-6.jpg</wp:attachment_url>
</item>
<item>
  <title>blog-7</title>
  <link>http://jordy.xtheme.net/blog-7</link>
  <pubDate>Fri, 08 Jun 2018 09:41:51 +0000</pubDate>
  <dc:creator>admin</dc:creator>
  <guid isPermaLink="false">http://wp/jordy/wp-content/uploads/2018/06/blog-7.jpg</guid>
  <description/>
  <content:encoded><![CDATA[]]></content:encoded>
  <excerpt:encoded><![CDATA[]]></excerpt:encoded>
  <wp:post_id>36</wp:post_id>
  <wp:post_date>2018-06-08 09:41:51</wp:post_date>
  <wp:post_date_gmt>2018-06-08 09:41:51</wp:post_date_gmt>
  <wp:comment_status>open</wp:comment_status>
  <wp:ping_status>closed</wp:ping_status>
  <wp:post_name>blog-7</wp:post_name>
  <wp:status>inherit</wp:status>
  <wp:post_parent>0</wp:post_parent>
  <wp:menu_order>0</wp:menu_order>
  <wp:post_type>attachment</wp:post_type>
  <wp:post_password/>
  <wp:is_sticky>0</wp:is_sticky>
  <wp:attachment_url>http://jordy.xtheme.net/wp-content/uploads/2018/06/blog-7.jpg</wp:attachment_url>
</item>
<item>
  <title>blog-8</title>
  <link>http://jordy.xtheme.net/blog-8</link>
  <pubDate>Fri, 08 Jun 2018 09:41:53 +0000</pubDate>
  <dc:creator>admin</dc:creator>
  <guid isPermaLink="false">http://wp/jordy/wp-content/uploads/2018/06/blog-8.jpg</guid>
  <description/>
  <content:encoded><![CDATA[]]></content:encoded>
  <excerpt:encoded><![CDATA[]]></excerpt:encoded>
  <wp:post_id>37</wp:post_id>
  <wp:post_date>2018-06-08 09:41:53</wp:post_date>
  <wp:post_date_gmt>2018-06-08 09:41:53</wp:post_date_gmt>
  <wp:comment_status>open</wp:comment_status>
  <wp:ping_status>closed</wp:ping_status>
  <wp:post_name>blog-8</wp:post_name>
  <wp:status>inherit</wp:status>
  <wp:post_parent>0</wp:post_parent>
  <wp:menu_order>0</wp:menu_order>
  <wp:post_type>attachment</wp:post_type>
  <wp:post_password/>
  <wp:is_sticky>0</wp:is_sticky>
  <wp:attachment_url>http://jordy.xtheme.net/wp-content/uploads/2018/06/blog-8.jpg</wp:attachment_url>
</item>
<item>
  <title>blog-9</title>
  <link>http://jordy.xtheme.net/blog-9</link>
  <pubDate>Fri, 08 Jun 2018 09:41:55 +0000</pubDate>
  <dc:creator>admin</dc:creator>
  <guid isPermaLink="false">http://wp/jordy/wp-content/uploads/2018/06/blog-9.jpg</guid>
  <description/>
  <content:encoded><![CDATA[]]></content:encoded>
  <excerpt:encoded><![CDATA[]]></excerpt:encoded>
  <wp:post_id>38</wp:post_id>
  <wp:post_date>2018-06-08 09:41:55</wp:post_date>
  <wp:post_date_gmt>2018-06-08 09:41:55</wp:post_date_gmt>
  <wp:comment_status>open</wp:comment_status>
  <wp:ping_status>closed</wp:ping_status>
  <wp:post_name>blog-9</wp:post_name>
  <wp:status>inherit</wp:status>
  <wp:post_parent>0</wp:post_parent>
  <wp:menu_order>0</wp:menu_order>
  <wp:post_type>attachment</wp:post_type>
  <wp:post_password/>
  <wp:is_sticky>0</wp:is_sticky>
  <wp:attachment_url>http://jordy.xtheme.net/wp-content/uploads/2018/06/blog-9.jpg</wp:attachment_url>
</item>
<item>
  <title>blog-10</title>
  <link>http://jordy.xtheme.net/blog-10</link>
  <pubDate>Sat, 09 Jun 2018 08:20:10 +0000</pubDate>
  <dc:creator>admin</dc:creator>
  <guid isPermaLink="false">http://wp/jordy/wp-content/uploads/2018/06/blog-10.jpg</guid>
  <description/>
  <content:encoded><![CDATA[]]></content:encoded>
  <excerpt:encoded><![CDATA[]]></excerpt:encoded>
  <wp:post_id>41</wp:post_id>
  <wp:post_date>2018-06-09 08:20:10</wp:post_date>
  <wp:post_date_gmt>2018-06-09 08:20:10</wp:post_date_gmt>
  <wp:comment_status>open</wp:comment_status>
  <wp:ping_status>closed</wp:ping_status>
  <wp:post_name>blog-10</wp:post_name>
  <wp:status>inherit</wp:status>
  <wp:post_parent>0</wp:post_parent>
  <wp:menu_order>0</wp:menu_order>
  <wp:post_type>attachment</wp:post_type>
  <wp:post_password/>
  <wp:is_sticky>0</wp:is_sticky>
  <wp:attachment_url>http://jordy.xtheme.net/wp-content/uploads/2018/06/blog-10.jpg</wp:attachment_url>
</item>
  </channel>
</rss>
